{
  "bg": 130, 
  "temp": "absolute", 
  "snoozeBG": 127, 
  "recieved": true, 
  "predBGs": {
    "COB": [
      130, 
      131, 
      132, 
      132, 
      133, 
      134, 
      134, 
      134, 
      134, 
      134, 
      134, 
      133, 
      133, 
      132, 
      131, 
      131, 
      130, 
      129, 
      129, 
      128, 
      128, 
      127, 
      127, 
      127, 
      127, 
      128, 
      128, 
      128, 
      129, 
      129, 
      130, 
      131, 
      132, 
      133, 
      134, 
      135, 
      137
    ], 
    "aCOB": [
      130, 
      138, 
      146, 
      153, 
      160, 
      166, 
      172, 
      178, 
      182, 
      187, 
      190, 
      193, 
      196, 
      198, 
      200, 
      201, 
      202, 
      203, 
      203, 
      203, 
      203, 
      202, 
      202, 
      201, 
      200, 
      198, 
      197, 
      195, 
      194, 
      193, 
      192, 
      191, 
      191, 
      190, 
      190, 
      189
    ], 
    "IOB": [
      130, 
      131, 
      131, 
      131, 
      131, 
      131, 
      130, 
      129, 
      128, 
      126, 
      124, 
      122, 
      119, 
      117, 
      114, 
      111, 
      109, 
      106, 
      103, 
      101, 
      99, 
      97, 
      95, 
      93, 
      91, 
      90, 
      88, 
      87, 
      86, 
      85, 
      84, 
      83, 
      82, 
      81, 
      81, 
      81, 
      80
    ]
  }, 
  "rate": 1.375, 
  "reason": "COB: 29, Dev: 14, BGI: -1.32, ISF: 69.6, Target: 108; Eventual BG 137>=108, 26m@0.890 = 0.386 > req 0.27298850574712646+0.1U", 
  "COB": 29, 
  "eventualBG": 137, 
  "timestamp": "2016-06-20T02:03:09.828642", 
  "duration": 30, 
  "tick": "+1", 
  "IOB": 0.482
}