{
  "bg": 146, 
  "temp": "absolute", 
  "snoozeBG": 135, 
  "recieved": true, 
  "predBGs": {
    "IOB": [
      146, 
      148, 
      149, 
      150, 
      151, 
      151, 
      152, 
      151, 
      151, 
      150, 
      148, 
      146, 
      143, 
      141, 
      138, 
      136, 
      134, 
      132, 
      130, 
      128, 
      126, 
      125, 
      123, 
      121, 
      120, 
      119, 
      117, 
      116, 
      115, 
      114, 
      114, 
      113, 
      112, 
      112, 
      112, 
      112, 
      111
    ]
  }, 
  "rate": 0.675, 
  "reason": "COB: 0, Dev: 33, BGI: -3.55, ISF: 90.9, Target: 123; Eventual BG 135>=123, 24m@0.610 = 0.244 > req 0.132013201320132+0.1U", 
  "COB": 0, 
  "eventualBG": 135, 
  "timestamp": "2016-06-26T12:53:36.794540", 
  "duration": 30, 
  "tick": "+2", 
  "IOB": 0.483
}