{
  "bg": 181, 
  "temp": "absolute", 
  "snoozeBG": 190, 
  "recieved": true, 
  "predBGs": {
    "COB": [
      181, 
      191, 
      198, 
      204, 
      208, 
      212, 
      213, 
      214, 
      213, 
      210, 
      206, 
      200, 
      193, 
      185, 
      178, 
      171, 
      164, 
      158, 
      152, 
      147, 
      143, 
      140, 
      137, 
      135, 
      135, 
      134, 
      134, 
      135, 
      136, 
      137, 
      139, 
      142, 
      145, 
      149, 
      153, 
      156, 
      160
    ], 
    "aCOB": [
      181, 
      183, 
      183, 
      181, 
      179, 
      175, 
      170, 
      165, 
      158, 
      149, 
      140, 
      129, 
      116, 
      104, 
      93, 
      82, 
      71, 
      61, 
      52, 
      44, 
      39, 
      39, 
      39, 
      39, 
      39, 
      39, 
      39, 
      39, 
      39, 
      39, 
      39, 
      39, 
      39, 
      39, 
      39, 
      41, 
      46
    ], 
    "IOB": [
      181, 
      190, 
      195, 
      197, 
      197, 
      195, 
      190, 
      182, 
      172, 
      159, 
      144, 
      126, 
      105, 
      84, 
      65, 
      45, 
      39
    ]
  }, 
  "rate": 2.25, 
  "reason": "COB: 59, Dev: 108, BGI: -8.06, ISF: 115.9, Target: 140; Eventual BG 160>=140, 27m@1.730 = 0.778 > req 0.17256255392579808+0.1U", 
  "COB": 59, 
  "eventualBG": 160, 
  "timestamp": "2016-06-29T00:07:35.057673", 
  "duration": 25, 
  "tick": "+11", 
  "IOB": 2.894
}