{
  "bg": 231, 
  "temp": "absolute", 
  "snoozeBG": 295, 
  "recieved": true, 
  "predBGs": {
    "IOB": [
      231, 
      231, 
      231, 
      230, 
      229, 
      228, 
      226, 
      223, 
      221, 
      217, 
      213, 
      208, 
      203, 
      197, 
      191, 
      184, 
      178, 
      171, 
      165, 
      158, 
      152, 
      146, 
      141, 
      136, 
      131, 
      126, 
      122, 
      118, 
      115, 
      112, 
      109, 
      107, 
      105, 
      103, 
      102, 
      102, 
      101
    ]
  }, 
  "rate": 0.9, 
  "reason": "COB: 0, Dev: 3, BGI: -0.56, ISF: 94.1, Target: 125; Eventual BG 148>=125, 27m@1.270 = 0.572 > req 0.24442082890541977+0.1U", 
  "COB": 0, 
  "eventualBG": 148, 
  "timestamp": "2016-06-22T15:36:19.498610", 
  "duration": 30, 
  "tick": "+0", 
  "IOB": 0.916
}