{
  "bg": 180, 
  "temp": "absolute", 
  "snoozeBG": 96, 
  "recieved": true, 
  "predBGs": {
    "COB": [
      180, 
      180, 
      179, 
      177, 
      175, 
      172, 
      168, 
      165, 
      161, 
      156, 
      152, 
      148, 
      144, 
      140, 
      136, 
      132, 
      128, 
      124, 
      121, 
      118, 
      115, 
      112, 
      110, 
      108, 
      106, 
      104, 
      103, 
      102, 
      101, 
      101, 
      100, 
      99, 
      98, 
      98, 
      97, 
      97, 
      96
    ], 
    "aCOB": [
      180, 
      184, 
      187, 
      189, 
      190, 
      190, 
      188, 
      186, 
      183, 
      180, 
      176, 
      172, 
      167, 
      163, 
      157, 
      152, 
      146, 
      140, 
      134, 
      128, 
      123, 
      119, 
      115, 
      111, 
      108, 
      106, 
      103, 
      102, 
      100, 
      99, 
      98, 
      97, 
      96, 
      95, 
      95, 
      94
    ], 
    "IOB": [
      180, 
      180, 
      178, 
      176, 
      172, 
      168, 
      163, 
      157, 
      151, 
      144, 
      137, 
      130, 
      122, 
      115, 
      108, 
      102, 
      95, 
      89, 
      83, 
      78, 
      73, 
      69, 
      64, 
      61, 
      58, 
      55, 
      53, 
      51, 
      50, 
      48, 
      47, 
      46, 
      45, 
      45, 
      44, 
      44, 
      43
    ]
  }, 
  "rate": 1.175, 
  "reason": "COB: 22, Dev: 31, BGI: -5.16, ISF: 61.1, Target: 80; Eventual BG 96>=80, 28m@1.090 = 0.509 > req 0.2618657937806874+0.1U", 
  "COB": 22, 
  "eventualBG": 96, 
  "timestamp": "2016-06-29T22:01:27.638782", 
  "duration": 30, 
  "tick": "+0", 
  "IOB": 2.031
}