{
  "bg": 130, 
  "temp": "absolute", 
  "snoozeBG": 130, 
  "recieved": true, 
  "predBGs": {
    "IOB": [
      130, 
      131, 
      131, 
      132, 
      132, 
      133, 
      134, 
      134, 
      134, 
      135, 
      135, 
      135, 
      135, 
      135, 
      135, 
      134, 
      134, 
      134, 
      134, 
      133, 
      133, 
      133, 
      133, 
      132, 
      132, 
      132, 
      132, 
      131, 
      131, 
      131, 
      131, 
      131, 
      131, 
      130
    ]
  }, 
  "rate": 0.925, 
  "reason": "COB: 0, Dev: 0, BGI: 0.62, ISF: 88.9, Target: 121; Eventual BG 130>=121, 30m@0.475 = 0.238 > req 0.10123734533183351+0.1U", 
  "COB": 0, 
  "eventualBG": 130, 
  "timestamp": "2016-06-24T08:29:32.970753", 
  "duration": 29, 
  "tick": "+1", 
  "IOB": 0.001
}