{
  "bg": 151, 
  "temp": "absolute", 
  "snoozeBG": 136, 
  "recieved": true, 
  "predBGs": {
    "IOB": [
      151, 
      154, 
      157, 
      160, 
      161, 
      162, 
      163, 
      162, 
      161, 
      159, 
      156, 
      153, 
      149, 
      145, 
      141, 
      137, 
      132, 
      128, 
      125, 
      121, 
      118, 
      115, 
      112, 
      109, 
      107, 
      105, 
      102, 
      100, 
      99, 
      97, 
      96, 
      95, 
      94, 
      93, 
      92
    ]
  }, 
  "rate": 1.3, 
  "reason": "COB: 0, Dev: 39, BGI: -2.52, ISF: 72.1, Target: 110; Eventual BG 136>=110, 23m@1.440 = 0.552 > req 0.3606102635228849+0.1U", 
  "COB": 0, 
  "eventualBG": 136, 
  "timestamp": "2016-06-29T12:26:23.195712", 
  "duration": 30, 
  "tick": "+4", 
  "IOB": 0.743
}