{
  "bg": 171, 
  "temp": "absolute", 
  "snoozeBG": 137, 
  "recieved": true, 
  "predBGs": {
    "COB": [
      171, 
      178, 
      184, 
      190, 
      194, 
      197, 
      199, 
      200, 
      200, 
      199, 
      197, 
      194, 
      190, 
      186, 
      182, 
      177, 
      172, 
      168, 
      162, 
      157, 
      152, 
      147, 
      142, 
      138, 
      133, 
      129, 
      125, 
      122, 
      119, 
      116, 
      114, 
      113, 
      112, 
      111, 
      110, 
      110, 
      109
    ], 
    "aCOB": [
      171, 
      178, 
      184, 
      190, 
      194, 
      197, 
      199, 
      200, 
      200, 
      199, 
      197, 
      194, 
      190, 
      186, 
      182, 
      177, 
      172, 
      168, 
      162, 
      157, 
      152, 
      147, 
      142, 
      138, 
      133, 
      129, 
      125, 
      122, 
      119, 
      116, 
      114, 
      113, 
      112, 
      111, 
      110, 
      110, 
      109
    ], 
    "IOB": [
      171, 
      177, 
      183, 
      187, 
      190, 
      191, 
      190, 
      189, 
      185, 
      180, 
      174, 
      167, 
      158, 
      149, 
      141, 
      132, 
      124, 
      116, 
      109, 
      102, 
      95, 
      89, 
      83, 
      78, 
      73, 
      69, 
      65, 
      62, 
      59, 
      56, 
      54, 
      53, 
      52, 
      51, 
      50, 
      50, 
      49
    ]
  }, 
  "rate": 0.8, 
  "reason": "COB: 30, Dev: 60, BGI: -2.69, ISF: 64, Target: 104; Eventual BG 109>=104, 25m@1.370 = 0.571 > req 0.078125+0.1U", 
  "COB": 30, 
  "eventualBG": 109, 
  "timestamp": "2016-06-29T21:33:58.586095", 
  "duration": 30, 
  "tick": "+8", 
  "IOB": 2.128
}