{
  "bg": 197, 
  "temp": "absolute", 
  "snoozeBG": 234, 
  "recieved": true, 
  "predBGs": {
    "IOB": [
      197, 
      199, 
      200, 
      201, 
      201, 
      201, 
      199, 
      197, 
      194, 
      191, 
      186, 
      181, 
      175, 
      168, 
      161, 
      154, 
      147, 
      140, 
      133, 
      127, 
      120, 
      114, 
      109, 
      103, 
      98, 
      94, 
      90, 
      86, 
      83, 
      80, 
      77, 
      75, 
      73, 
      72, 
      71, 
      70
    ]
  }, 
  "rate": 1.25, 
  "reason": "COB: 0, Dev: 10, BGI: 0.31, ISF: 89.9, Target: 80; Eventual BG 115>=80, 25m@1.350 = 0.563 > req 0.389321468298109+0.1U", 
  "COB": 0, 
  "eventualBG": 115, 
  "timestamp": "2016-06-24T17:09:21.018564", 
  "duration": 30, 
  "tick": "+2", 
  "IOB": 1.028
}