{
  "bg": 129, 
  "temp": "absolute", 
  "snoozeBG": 157, 
  "recieved": true, 
  "predBGs": {
    "IOB": [
      129, 
      132, 
      134, 
      137, 
      139, 
      142, 
      144, 
      146, 
      148, 
      149, 
      150, 
      151, 
      150, 
      149, 
      148, 
      147, 
      145, 
      144, 
      142, 
      140, 
      138, 
      136, 
      134, 
      132, 
      131, 
      129, 
      128, 
      126, 
      125, 
      124, 
      123, 
      122, 
      121, 
      120, 
      119, 
      119, 
      118
    ]
  }, 
  "rate": 1.25, 
  "reason": "COB: 0, Dev: 20, BGI: -0.29, ISF: 97.6, Target: 127; Eventual BG 157>=127, 28m@1.005 = 0.469 > req 0.3073770491803279+0.1U", 
  "COB": 0, 
  "eventualBG": 157, 
  "timestamp": "2016-06-28T02:42:13.967509", 
  "duration": 30, 
  "tick": "+3", 
  "IOB": -0.099
}