{
  "bg": 188, 
  "temp": "absolute", 
  "snoozeBG": 196, 
  "recieved": true, 
  "predBGs": {
    "COB": [
      188, 
      197, 
      203, 
      208, 
      211, 
      211, 
      210, 
      207, 
      204, 
      200, 
      195, 
      190, 
      185, 
      178, 
      172, 
      166, 
      159, 
      153, 
      147, 
      141, 
      136, 
      130, 
      125, 
      121, 
      117, 
      113, 
      109, 
      106, 
      104, 
      101, 
      99, 
      98, 
      96, 
      95, 
      95, 
      94
    ], 
    "aCOB": [
      188, 
      197, 
      204, 
      209, 
      211, 
      211, 
      209, 
      207, 
      203, 
      199, 
      195, 
      190, 
      184, 
      178, 
      172, 
      165, 
      159, 
      153, 
      147, 
      141, 
      135, 
      130, 
      125, 
      120, 
      116, 
      112, 
      109, 
      106, 
      103, 
      101, 
      99, 
      97, 
      96, 
      95, 
      94, 
      94, 
      93
    ], 
    "IOB": [
      188, 
      197, 
      205, 
      212, 
      218, 
      222, 
      224, 
      225, 
      225, 
      223, 
      220, 
      216, 
      210, 
      204, 
      198, 
      192, 
      185, 
      179, 
      173, 
      167, 
      161, 
      156, 
      151, 
      147, 
      143, 
      139, 
      135, 
      132, 
      130, 
      127, 
      125, 
      124, 
      122, 
      121, 
      121, 
      120
    ]
  }, 
  "rate": 0.75, 
  "reason": "COB: 4, Dev: 55, BGI: 0.86, ISF: 114.3, Target: 139; Eventual BG 163>=139, 24m@1.000 = 0.400 > req 0.2099737532808399+0.1U", 
  "COB": 4, 
  "eventualBG": 163, 
  "timestamp": "2016-06-25T03:43:37.924205", 
  "duration": 30, 
  "tick": "+10", 
  "IOB": 0.697
}