{
  "bg": 247, 
  "temp": "absolute", 
  "snoozeBG": 187, 
  "recieved": true, 
  "predBGs": {
    "IOB": [
      247, 
      247, 
      246, 
      244, 
      242, 
      239, 
      236, 
      232, 
      227, 
      221, 
      214, 
      207, 
      199, 
      191, 
      184, 
      176, 
      168, 
      161, 
      154, 
      147, 
      141, 
      135, 
      130, 
      125, 
      120, 
      116, 
      112, 
      109, 
      107, 
      104, 
      103, 
      101, 
      100, 
      100, 
      99, 
      99, 
      98
    ]
  }, 
  "rate": 0.65, 
  "reason": "COB: 0, Dev: 28, BGI: -4.64, ISF: 98.8, Target: 128; Eventual BG 140>=128, 20m@1.190 = 0.397 > req 0.12145748987854252+0.1U", 
  "COB": 0, 
  "eventualBG": 140, 
  "timestamp": "2016-06-22T21:36:21.389779", 
  "duration": 30, 
  "tick": "+0", 
  "IOB": 1.366
}