{
  "bg": 121, 
  "temp": "absolute", 
  "snoozeBG": 154, 
  "recieved": true, 
  "predBGs": {
    "COB": [
      121, 
      121, 
      119, 
      118, 
      116, 
      115, 
      113, 
      111, 
      109, 
      107, 
      104, 
      101, 
      97, 
      93, 
      89, 
      85, 
      80, 
      76, 
      71, 
      67, 
      63, 
      59, 
      56, 
      53, 
      50, 
      47, 
      44, 
      42, 
      39
    ], 
    "aCOB": [
      121, 
      119, 
      118, 
      116, 
      115, 
      113, 
      111, 
      109, 
      107, 
      105, 
      102, 
      99, 
      96, 
      92, 
      87, 
      83, 
      78, 
      74, 
      70, 
      65, 
      61, 
      58, 
      54, 
      51, 
      48, 
      45, 
      42, 
      40, 
      39
    ], 
    "IOB": [
      121, 
      124, 
      127, 
      130, 
      132, 
      133, 
      134, 
      135, 
      134, 
      133, 
      131, 
      129, 
      125, 
      121, 
      117, 
      113, 
      108, 
      104, 
      99, 
      95, 
      91, 
      87, 
      84, 
      81, 
      78, 
      75, 
      72, 
      70, 
      67, 
      65, 
      63, 
      62, 
      61, 
      59, 
      59, 
      58
    ]
  }, 
  "rate": 1.6, 
  "reason": "COB: 1, Dev: 32, BGI: -1.74, ISF: 64.5, Target: 76; Eventual BG 97>=76, 22m@1.320 = 0.484 > req 0.32558139534883723+0.1U", 
  "COB": 1, 
  "eventualBG": 97, 
  "timestamp": "2016-06-18T22:25:57.395140", 
  "duration": 30, 
  "tick": "+5", 
  "IOB": 0.87
}