{
  "bg": 179, 
  "temp": "absolute", 
  "snoozeBG": 114, 
  "recieved": true, 
  "predBGs": {
    "COB": [
      179, 
      182, 
      184, 
      185, 
      186, 
      185, 
      184, 
      183, 
      180, 
      177, 
      173, 
      169, 
      165, 
      161, 
      157, 
      153, 
      149, 
      145, 
      141, 
      138, 
      135, 
      132, 
      129, 
      127, 
      125, 
      123, 
      121, 
      120, 
      119, 
      118, 
      117, 
      116, 
      116, 
      115, 
      115, 
      114
    ], 
    "aCOB": [
      179, 
      186, 
      191, 
      195, 
      198, 
      201, 
      202, 
      201, 
      200, 
      198, 
      195, 
      192, 
      188, 
      183, 
      179, 
      174, 
      169, 
      164, 
      158, 
      153, 
      147, 
      142, 
      137, 
      133, 
      129, 
      126, 
      123, 
      121, 
      118, 
      117, 
      116, 
      115, 
      114, 
      113, 
      113, 
      112
    ], 
    "IOB": [
      179, 
      182, 
      183, 
      183, 
      183, 
      181, 
      178, 
      174, 
      168, 
      162, 
      155, 
      148, 
      140, 
      132, 
      125, 
      117, 
      110, 
      104, 
      97, 
      91, 
      86, 
      81, 
      76, 
      72, 
      68, 
      65, 
      62, 
      59, 
      57, 
      55, 
      54, 
      53, 
      52, 
      52, 
      51
    ]
  }, 
  "rate": 1.05, 
  "reason": "COB: 26, Dev: 36, BGI: -2.99, ISF: 61.1, Target: 102; Eventual BG 114>=102, 28m@0.890 = 0.415 > req 0.19639934533551553+0.1U", 
  "COB": 26, 
  "eventualBG": 114, 
  "timestamp": "2016-06-29T21:42:22.461475", 
  "duration": 30, 
  "tick": "+3", 
  "IOB": 2.1
}