{
  "bg": 138, 
  "temp": "absolute", 
  "snoozeBG": 164, 
  "recieved": true, 
  "predBGs": {
    "IOB": [
      138, 
      141, 
      145, 
      147, 
      150, 
      151, 
      153, 
      154, 
      154, 
      154, 
      153, 
      151, 
      149, 
      147, 
      146, 
      144, 
      142, 
      140, 
      137, 
      135, 
      133, 
      130, 
      128, 
      126, 
      124, 
      122, 
      120, 
      118, 
      116, 
      115, 
      114, 
      112, 
      111, 
      110, 
      110, 
      109, 
      108
    ]
  }, 
  "rate": 1.375, 
  "reason": "COB: 0, Dev: 41, BGI: -2.79, ISF: 89.9, Target: 122; Eventual BG 164>=122, 26m@1.350 = 0.585 > req 0.46718576195773076+0.1U", 
  "COB": 0, 
  "eventualBG": 164, 
  "timestamp": "2016-06-24T12:20:43.417295", 
  "duration": 30, 
  "tick": "+4", 
  "IOB": 0.172
}