{
  "bg": 178, 
  "temp": "absolute", 
  "snoozeBG": 187, 
  "recieved": true, 
  "predBGs": {
    "IOB": [
      178, 
      181, 
      184, 
      186, 
      189, 
      191, 
      192, 
      193, 
      194, 
      194, 
      194, 
      193, 
      192, 
      190, 
      189, 
      187, 
      185, 
      182, 
      180, 
      177, 
      175, 
      173, 
      171, 
      168, 
      166, 
      165, 
      163, 
      161, 
      160, 
      159, 
      158, 
      157, 
      156, 
      155, 
      155, 
      154
    ]
  }, 
  "rate": 1.0, 
  "reason": "COB: 0, Dev: 10, BGI: 1.4, ISF: 133.3, Target: 152; Eventual BG 187>=152, 27m@0.900 = 0.405 > req 0.26256564141035255+0.1U", 
  "COB": 0, 
  "eventualBG": 187, 
  "timestamp": "2016-06-23T02:27:14.526814", 
  "duration": 30, 
  "tick": "+3", 
  "IOB": 0.008
}