{
  "bg": 80, 
  "temp": "absolute", 
  "snoozeBG": 116, 
  "recieved": true, 
  "predBGs": {
    "COB": [
      80, 
      82, 
      84, 
      86, 
      88, 
      90, 
      92, 
      94, 
      96, 
      98, 
      100, 
      101, 
      103, 
      104, 
      106, 
      107, 
      108, 
      109, 
      109, 
      110, 
      110, 
      111, 
      111, 
      110, 
      110, 
      110, 
      109, 
      108, 
      108, 
      107, 
      107, 
      106, 
      106, 
      105
    ], 
    "aCOB": [
      80, 
      87, 
      93, 
      98, 
      103, 
      107, 
      111, 
      114, 
      116, 
      117, 
      117, 
      117, 
      116, 
      115, 
      114, 
      114, 
      113, 
      112, 
      112, 
      111, 
      110, 
      110, 
      109, 
      108, 
      108, 
      107, 
      106, 
      106, 
      105, 
      104, 
      104, 
      103, 
      103, 
      103, 
      102
    ], 
    "IOB": [
      80, 
      82, 
      83, 
      85, 
      86, 
      87, 
      88, 
      88, 
      89, 
      89, 
      89, 
      88, 
      87, 
      87, 
      86, 
      85, 
      84, 
      84, 
      83, 
      83, 
      82, 
      81, 
      80, 
      80, 
      79, 
      78, 
      78, 
      77, 
      76, 
      76, 
      75, 
      75, 
      74
    ]
  }, 
  "rate": 0.75, 
  "reason": "COB: 15, Dev: 26, BGI: -2.37, ISF: 61.5, Target: 102; Eventual BG 105>=102, 28m@0.350 = 0.163 > req 0.04878048780487805+0.1U", 
  "COB": 15, 
  "eventualBG": 105, 
  "timestamp": "2016-06-29T17:59:13.871732", 
  "duration": 30, 
  "tick": "+2", 
  "IOB": 0.263
}