{
  "bg": 137, 
  "temp": "absolute", 
  "snoozeBG": 105, 
  "recieved": true, 
  "predBGs": {
    "COB": [
      137, 
      138, 
      138, 
      137, 
      137, 
      136, 
      135, 
      133, 
      132, 
      131, 
      130, 
      129, 
      127, 
      126, 
      125, 
      124, 
      123, 
      121, 
      120, 
      119, 
      118, 
      117, 
      116, 
      114, 
      113, 
      112, 
      111, 
      110, 
      109, 
      109, 
      108, 
      107, 
      107, 
      106, 
      106, 
      106, 
      105
    ], 
    "aCOB": [
      137, 
      138, 
      139, 
      139, 
      139, 
      139, 
      138, 
      137, 
      136, 
      135, 
      134, 
      133, 
      132, 
      130, 
      129, 
      128, 
      126, 
      124, 
      123, 
      121, 
      119, 
      118, 
      116, 
      114, 
      113, 
      112, 
      111, 
      110, 
      109, 
      108, 
      108, 
      107, 
      106, 
      106, 
      105
    ], 
    "IOB": [
      137, 
      137, 
      137, 
      135, 
      133, 
      130, 
      126, 
      122, 
      118, 
      113, 
      108, 
      103, 
      97, 
      92, 
      87, 
      82, 
      77, 
      73, 
      70, 
      66, 
      64, 
      61, 
      59, 
      58, 
      56, 
      55, 
      54, 
      53, 
      53, 
      52, 
      51, 
      51, 
      50, 
      49, 
      49, 
      49, 
      48
    ]
  }, 
  "rate": 0.9, 
  "reason": "COB: 28, Dev: 55, BGI: -8.16, ISF: 64, Target: 104; Eventual BG 105>=104, 29m@0.820 = 0.396 > req 0.015625+0.1U", 
  "COB": 28, 
  "eventualBG": 105, 
  "timestamp": "2016-06-18T20:44:45.850219", 
  "duration": 30, 
  "tick": "+4", 
  "IOB": 1.606
}