{
  "bg": 110, 
  "temp": "absolute", 
  "snoozeBG": 105, 
  "recieved": true, 
  "predBGs": {
    "IOB": [
      110, 
      111, 
      112, 
      113, 
      113, 
      114, 
      114, 
      114, 
      114, 
      114, 
      113, 
      112, 
      111, 
      110, 
      109, 
      108, 
      106, 
      104, 
      103, 
      101, 
      100, 
      98, 
      97, 
      95, 
      94, 
      93, 
      91, 
      90, 
      89, 
      89, 
      88, 
      87, 
      87, 
      86
    ]
  }, 
  "rate": 0.65, 
  "reason": "COB: 0, Dev: 3, BGI: 0.58, ISF: 64, Target: 104; Eventual BG 105>=104, 27m@0.545 = 0.245 > req 0.015625+0.1U", 
  "COB": 0, 
  "eventualBG": 105, 
  "timestamp": "2016-07-01T10:53:18.718938", 
  "duration": 30, 
  "tick": "+1", 
  "IOB": 0.129
}