{
  "bg": 142, 
  "temp": "absolute", 
  "snoozeBG": 160, 
  "recieved": true, 
  "predBGs": {
    "IOB": [
      142, 
      146, 
      149, 
      152, 
      155, 
      158, 
      160, 
      161, 
      163, 
      163, 
      163, 
      163, 
      162, 
      160, 
      159, 
      157, 
      155, 
      153, 
      150, 
      148, 
      145, 
      143, 
      140, 
      138, 
      136, 
      134, 
      132, 
      130, 
      128, 
      127, 
      126, 
      125, 
      124, 
      123, 
      122, 
      122, 
      121
    ]
  }, 
  "rate": 1.1, 
  "reason": "COB: 0, Dev: 17, BGI: 1.17, ISF: 97.6, Target: 127; Eventual BG 160>=127, 29m@0.940 = 0.454 > req 0.33811475409836067+0.1U", 
  "COB": 0, 
  "eventualBG": 160, 
  "timestamp": "2016-06-26T07:58:15.839216", 
  "duration": 30, 
  "tick": "+4", 
  "IOB": -0.012
}