{
  "bg": 148, 
  "temp": "absolute", 
  "snoozeBG": 109, 
  "recieved": true, 
  "predBGs": {
    "COB": [
      148, 
      148, 
      147, 
      146, 
      145, 
      144, 
      142, 
      141, 
      139, 
      137, 
      136, 
      134, 
      132, 
      130, 
      127, 
      125, 
      123, 
      120, 
      117, 
      115, 
      112, 
      109, 
      107, 
      104, 
      103, 
      101, 
      99, 
      98, 
      96, 
      95, 
      94, 
      93, 
      92, 
      91, 
      90, 
      90, 
      89
    ], 
    "aCOB": [
      148, 
      149, 
      150, 
      150, 
      149, 
      149, 
      148, 
      147, 
      145, 
      144, 
      142, 
      140, 
      138, 
      135, 
      132, 
      129, 
      125, 
      121, 
      118, 
      114, 
      111, 
      108, 
      106, 
      104, 
      102, 
      100, 
      98, 
      97, 
      96, 
      94, 
      93, 
      92, 
      91, 
      90, 
      90, 
      89, 
      88
    ], 
    "IOB": [
      148, 
      147, 
      146, 
      144, 
      142, 
      139, 
      136, 
      132, 
      128, 
      124, 
      119, 
      114, 
      109, 
      103, 
      98, 
      94, 
      89, 
      85, 
      81, 
      78, 
      75, 
      72, 
      70, 
      67, 
      65, 
      64, 
      62, 
      61, 
      59, 
      58, 
      57, 
      56, 
      55, 
      54, 
      53, 
      53, 
      52
    ]
  }, 
  "rate": 1.05, 
  "reason": "COB: 22, Dev: 51, BGI: -8.45, ISF: 64, Target: 104; Eventual BG 109>=104, 29m@1.320 = 0.638 > req 0.078125+0.1U", 
  "COB": 22, 
  "eventualBG": 109, 
  "timestamp": "2016-06-18T20:55:11.054398", 
  "duration": 30, 
  "tick": "+0", 
  "IOB": 1.41
}