{
  "requested": {
    "duration": 30, 
    "rate": 0.25, 
    "temp": "absolute"
  }, 
  "bg": 138, 
  "temp": "absolute", 
  "snoozeBG": 112, 
  "timestamp": "2016-06-28T22:18:00.328915", 
  "predBGs": {
    "IOB": [
      138, 
      132, 
      127, 
      123, 
      118, 
      115, 
      112, 
      109, 
      107, 
      105, 
      104, 
      104, 
      104, 
      104, 
      104, 
      105, 
      107, 
      109, 
      111, 
      113, 
      116, 
      119, 
      122, 
      125, 
      128, 
      131, 
      134, 
      137, 
      140, 
      142, 
      145, 
      147, 
      150, 
      152, 
      154, 
      155, 
      157
    ]
  }, 
  "rate": 0.0, 
  "reason": "COB: 0, Dev: -2, BGI: -5.37, ISF: 83.3, Target: 117; Eventual BG 112<117, 90m@-0.480 = -0.720 < req -0.12004801920768307-0.2U", 
  "COB": 0, 
  "eventualBG": 112, 
  "recieved": false, 
  "duration": 89, 
  "tick": -4, 
  "IOB": 0.284
}