{
  "bg": 153, 
  "temp": "absolute", 
  "snoozeBG": 124, 
  "recieved": true, 
  "predBGs": {
    "IOB": [
      153, 
      155, 
      156, 
      157, 
      157, 
      157, 
      156, 
      155, 
      154, 
      152, 
      149, 
      146, 
      142, 
      138, 
      135, 
      131, 
      128, 
      124, 
      121, 
      118, 
      116, 
      113, 
      111, 
      109, 
      107, 
      105, 
      103, 
      102, 
      100, 
      99, 
      98, 
      97, 
      96, 
      96, 
      95
    ]
  }, 
  "rate": 0.925, 
  "reason": "COB: 0, Dev: 27, BGI: -2.52, ISF: 72.1, Target: 110; Eventual BG 124>=110, 29m@0.740 = 0.358 > req 0.19417475728155342+0.1U", 
  "COB": 0, 
  "eventualBG": 124, 
  "timestamp": "2016-06-29T12:29:14.606210", 
  "duration": 30, 
  "tick": "+2", 
  "IOB": 0.774
}