{
  "bg": 180, 
  "temp": "absolute", 
  "snoozeBG": 97, 
  "recieved": true, 
  "predBGs": {
    "COB": [
      180, 
      180, 
      179, 
      177, 
      174, 
      171, 
      168, 
      165, 
      161, 
      158, 
      154, 
      150, 
      147, 
      143, 
      139, 
      136, 
      132, 
      128, 
      125, 
      122, 
      119, 
      116, 
      113, 
      110, 
      108, 
      106, 
      105, 
      103, 
      102, 
      101, 
      100, 
      99, 
      98, 
      98, 
      97
    ], 
    "aCOB": [
      180, 
      183, 
      185, 
      186, 
      185, 
      184, 
      182, 
      180, 
      177, 
      173, 
      169, 
      165, 
      160, 
      155, 
      149, 
      143, 
      138, 
      132, 
      127, 
      122, 
      118, 
      115, 
      111, 
      109, 
      106, 
      104, 
      103, 
      101, 
      100, 
      99, 
      98, 
      97, 
      96, 
      96, 
      95
    ], 
    "IOB": [
      180, 
      179, 
      178, 
      175, 
      172, 
      167, 
      163, 
      158, 
      152, 
      146, 
      140, 
      133, 
      126, 
      120, 
      113, 
      107, 
      101, 
      96, 
      91, 
      86, 
      82, 
      79, 
      75, 
      73, 
      70, 
      68, 
      67, 
      65, 
      64, 
      63, 
      62, 
      61, 
      60, 
      60, 
      59
    ]
  }, 
  "rate": 1.175, 
  "reason": "COB: 20, Dev: 38, BGI: -6.3, ISF: 60.6, Target: 80; Eventual BG 97>=80, 26m@0.890 = 0.386 > req 0.28052805280528054+0.1U", 
  "COB": 20, 
  "eventualBG": 97, 
  "timestamp": "2016-06-29T22:11:38.881196", 
  "duration": 30, 
  "tick": "+0", 
  "IOB": 2.026
}