{
  "bg": 166, 
  "temp": "absolute", 
  "snoozeBG": 154, 
  "recieved": true, 
  "predBGs": {
    "IOB": [
      166, 
      167, 
      169, 
      170, 
      170, 
      170, 
      168, 
      166, 
      163, 
      159, 
      155, 
      149, 
      143, 
      137, 
      131, 
      125, 
      118, 
      113, 
      107, 
      102, 
      98, 
      93, 
      89, 
      85, 
      82, 
      79, 
      76, 
      73, 
      71, 
      69, 
      67, 
      66, 
      65, 
      64, 
      63, 
      63, 
      62
    ]
  }, 
  "rate": 1.25, 
  "reason": "COB: 0, Dev: 40, BGI: -4.73, ISF: 63.5, Target: 80; Eventual BG 99>=80, 19m@1.370 = 0.434 > req 0.2992125984251969+0.1U", 
  "COB": 0, 
  "eventualBG": 99, 
  "timestamp": "2016-06-30T20:03:21.077606", 
  "duration": 30, 
  "tick": "+2", 
  "IOB": 1.692
}