{
  "bg": 152, 
  "temp": "absolute", 
  "snoozeBG": 154, 
  "recieved": true, 
  "predBGs": {
    "IOB": [
      152, 
      153, 
      154, 
      154, 
      155, 
      154, 
      154, 
      153, 
      151, 
      149, 
      146, 
      143, 
      139, 
      135, 
      130, 
      125, 
      120, 
      114, 
      109, 
      104, 
      100, 
      95, 
      91, 
      86, 
      83, 
      79, 
      76, 
      73, 
      70, 
      68, 
      66, 
      64, 
      62, 
      61, 
      60, 
      60, 
      59
    ]
  }, 
  "rate": 1.35, 
  "reason": "COB: 0, Dev: 3, BGI: 0.55, ISF: 64.5, Target: 80; Eventual BG 103>=80, 29m@1.380 = 0.667 > req 0.35658914728682173+0.1U", 
  "COB": 0, 
  "eventualBG": 103, 
  "timestamp": "2016-06-19T17:45:26.834776", 
  "duration": 30, 
  "tick": "+1", 
  "IOB": 0.803
}