{
  "bg": 116, 
  "temp": "absolute", 
  "snoozeBG": 132, 
  "recieved": true, 
  "predBGs": {
    "COB": [
      116, 
      124, 
      130, 
      136, 
      142, 
      147, 
      152, 
      156, 
      159, 
      162, 
      164, 
      166, 
      166, 
      167, 
      166, 
      165, 
      163, 
      161, 
      157, 
      154, 
      151, 
      149, 
      147, 
      145, 
      144, 
      142, 
      141, 
      140, 
      138, 
      137, 
      136, 
      135, 
      134, 
      134, 
      133, 
      132
    ], 
    "aCOB": [
      116, 
      113, 
      110, 
      108, 
      106, 
      104, 
      103, 
      102, 
      101, 
      101, 
      101, 
      101, 
      101, 
      101, 
      102, 
      103, 
      104, 
      105, 
      106, 
      108, 
      110, 
      113, 
      115, 
      118, 
      120, 
      122, 
      124, 
      126, 
      128, 
      130, 
      131, 
      132, 
      133, 
      134, 
      135, 
      136
    ], 
    "IOB": [
      116, 
      123, 
      128, 
      133, 
      136, 
      138, 
      138, 
      138, 
      136, 
      133, 
      129, 
      124, 
      117, 
      111, 
      105, 
      100, 
      95, 
      90, 
      86, 
      83, 
      80, 
      77, 
      76, 
      74, 
      72, 
      71, 
      70, 
      68, 
      67, 
      66, 
      65, 
      64, 
      63, 
      62, 
      62, 
      61
    ]
  }, 
  "rate": 1.5, 
  "reason": "COB: 50, Dev: 127, BGI: -12.51, ISF: 63.5, Target: 104; Eventual BG 132>=104, 26m@1.370 = 0.594 > req 0.4409448818897638+0.1U", 
  "COB": 50, 
  "eventualBG": 132, 
  "timestamp": "2016-06-30T18:31:07.760330", 
  "duration": 30, 
  "tick": "+11", 
  "IOB": 1.918
}