{
  "bg": 138, 
  "temp": "absolute", 
  "snoozeBG": 136, 
  "recieved": true, 
  "predBGs": {
    "IOB": [
      138, 
      140, 
      142, 
      144, 
      146, 
      148, 
      149, 
      150, 
      151, 
      151, 
      150, 
      149, 
      148, 
      146, 
      145, 
      143, 
      142, 
      140, 
      138, 
      137, 
      135, 
      134, 
      132, 
      131, 
      130, 
      128, 
      127, 
      126, 
      125, 
      125, 
      124, 
      123, 
      123, 
      122
    ]
  }, 
  "rate": 0.8, 
  "reason": "COB: 0, Dev: 9, BGI: 0.54, ISF: 97.6, Target: 127; Eventual BG 136>=127, 28m@0.555 = 0.259 > req 0.09221311475409837+0.1U", 
  "COB": 0, 
  "eventualBG": 136, 
  "timestamp": "2016-06-28T03:03:12.542721", 
  "duration": 30, 
  "tick": "+2", 
  "IOB": 0.109
}