{
  "bg": 165, 
  "temp": "absolute", 
  "snoozeBG": 98, 
  "recieved": true, 
  "predBGs": {
    "IOB": [
      165, 
      159, 
      153, 
      147, 
      142, 
      136, 
      131, 
      127, 
      123, 
      120, 
      116, 
      113, 
      111, 
      109, 
      107, 
      105, 
      104, 
      103, 
      102, 
      101, 
      101, 
      100, 
      100, 
      100, 
      100, 
      101, 
      101, 
      102, 
      102, 
      102, 
      103, 
      103, 
      103, 
      104
    ]
  }, 
  "rate": 0.8, 
  "reason": "COB: 0, Dev: 0, BGI: -6.05, ISF: 59.3, Target: 101; Eventual BG 98<101, 28m@-0.810 = -0.378 < req -0.10118043844856661-0.2U", 
  "COB": 0, 
  "eventualBG": 98, 
  "timestamp": "2016-06-29T23:37:59.215042", 
  "duration": 30, 
  "tick": -6, 
  "IOB": 1.122
}