{
  "bg": 99, 
  "temp": "absolute", 
  "snoozeBG": 114, 
  "recieved": true, 
  "predBGs": {
    "COB": [
      99, 
      99, 
      99, 
      100, 
      102, 
      104, 
      106, 
      108, 
      111, 
      114, 
      117, 
      120, 
      123, 
      126, 
      129, 
      131, 
      133, 
      135, 
      137, 
      138, 
      140, 
      141, 
      143, 
      145, 
      146, 
      148, 
      150, 
      151, 
      153, 
      155, 
      157, 
      159, 
      161, 
      163, 
      165, 
      168, 
      170
    ], 
    "aCOB": [
      99, 
      104, 
      109, 
      114, 
      120, 
      125, 
      131, 
      137, 
      144, 
      150, 
      156, 
      163, 
      169, 
      174, 
      179, 
      184, 
      188, 
      192, 
      195, 
      198, 
      201, 
      204, 
      207, 
      209, 
      212, 
      214, 
      216, 
      218, 
      219, 
      221, 
      223, 
      224, 
      226, 
      227, 
      228, 
      229, 
      230
    ], 
    "IOB": [
      99, 
      99, 
      98, 
      98, 
      98, 
      98, 
      98, 
      98, 
      98, 
      97, 
      97, 
      96, 
      95, 
      94, 
      92, 
      90, 
      88, 
      86, 
      83, 
      81, 
      79, 
      77, 
      74, 
      72, 
      70, 
      68, 
      66, 
      65, 
      63, 
      62, 
      60, 
      59, 
      58, 
      57, 
      56, 
      56, 
      55
    ]
  }, 
  "rate": 0.85, 
  "reason": "COB: 45, Dev: 30, BGI: -5.06, ISF: 75.5, Target: 112; Eventual BG 170>=112, 28m@1.225 = 0.572 > req 0.026490066225165563+0.1U", 
  "COB": 45, 
  "eventualBG": 170, 
  "timestamp": "2016-06-20T00:36:10.548504", 
  "duration": 30, 
  "tick": "+0", 
  "IOB": 0.294
}