{
  "bg": 176, 
  "temp": "absolute", 
  "snoozeBG": 124, 
  "recieved": true, 
  "predBGs": {
    "IOB": [
      176, 
      176, 
      175, 
      175, 
      173, 
      172, 
      169, 
      167, 
      164, 
      160, 
      156, 
      152, 
      148, 
      143, 
      138, 
      134, 
      130, 
      125, 
      121, 
      117, 
      114, 
      110, 
      107, 
      104, 
      102, 
      99, 
      97, 
      95, 
      93, 
      92, 
      91, 
      90, 
      89, 
      89, 
      88
    ]
  }, 
  "rate": 0.9, 
  "reason": "COB: 0, Dev: 6, BGI: -1.08, ISF: 61.5, Target: 102; Eventual BG 110>=102, 28m@0.600 = 0.280 > req 0.13008130081300814+0.1U", 
  "COB": 0, 
  "eventualBG": 110, 
  "timestamp": "2016-06-21T20:50:41.798771", 
  "duration": 30, 
  "tick": "+0", 
  "IOB": 1.173
}