{
  "bg": 154, 
  "temp": "absolute", 
  "snoozeBG": 173, 
  "recieved": true, 
  "predBGs": {
    "IOB": [
      154, 
      157, 
      159, 
      162, 
      164, 
      167, 
      169, 
      170, 
      171, 
      172, 
      172, 
      172, 
      171, 
      170, 
      169, 
      167, 
      166, 
      164, 
      162, 
      160, 
      158, 
      156, 
      154, 
      153, 
      151, 
      149, 
      148, 
      146, 
      145, 
      143, 
      142, 
      141, 
      140, 
      140, 
      139
    ]
  }, 
  "rate": 0.575, 
  "reason": "COB: 0, Dev: 19, BGI: -0.2, ISF: 133.3, Target: 152; Eventual BG 173>=152, 27m@0.750 = 0.338 > req 0.15753938484621155+0.1U", 
  "COB": 0, 
  "eventualBG": 173, 
  "timestamp": "2016-06-23T04:30:26.627583", 
  "duration": 30, 
  "tick": "+3", 
  "IOB": 0
}