{
  "bg": 86, 
  "temp": "absolute", 
  "snoozeBG": 103, 
  "recieved": true, 
  "predBGs": {
    "COB": [
      86, 
      87, 
      88, 
      89, 
      91, 
      93, 
      95, 
      98, 
      101, 
      103, 
      107, 
      110, 
      113, 
      116, 
      120, 
      123, 
      126, 
      129, 
      132, 
      134, 
      135, 
      136, 
      137, 
      138, 
      138, 
      138, 
      138, 
      137, 
      137, 
      136, 
      136, 
      135, 
      135, 
      135, 
      134
    ], 
    "aCOB": [
      86, 
      88, 
      90, 
      92, 
      94, 
      97, 
      100, 
      103, 
      106, 
      109, 
      112, 
      115, 
      119, 
      122, 
      125, 
      129, 
      132, 
      134, 
      136, 
      137, 
      138, 
      139, 
      139, 
      139, 
      138, 
      138, 
      137, 
      137, 
      136, 
      136, 
      135, 
      135, 
      134
    ], 
    "IOB": [
      86, 
      86, 
      87, 
      87, 
      87, 
      87, 
      87, 
      86, 
      86, 
      85, 
      84, 
      83, 
      81, 
      80, 
      79, 
      78, 
      78, 
      78, 
      77, 
      77, 
      76, 
      75, 
      75, 
      74, 
      74, 
      73, 
      72, 
      72, 
      71, 
      71, 
      70, 
      70, 
      70, 
      69
    ]
  }, 
  "rate": 0.675, 
  "reason": "COB: 31, Dev: 54, BGI: -7.96, ISF: 61.5, Target: 102; Eventual BG 134>=102, 19m@0.650 = 0.206 > req 0.016260162601626018+0.1U", 
  "COB": 31, 
  "eventualBG": 134, 
  "timestamp": "2016-06-29T20:26:52.064180", 
  "duration": 30, 
  "tick": "+1", 
  "IOB": 0.754
}