{
  "bg": 126, 
  "temp": "absolute", 
  "snoozeBG": 126, 
  "recieved": true, 
  "predBGs": {
    "COB": [
      126, 
      126, 
      124, 
      120, 
      117, 
      114, 
      110, 
      107, 
      104, 
      102, 
      99, 
      97, 
      94, 
      92, 
      90, 
      88, 
      86, 
      85, 
      84, 
      83, 
      82, 
      81, 
      80, 
      79, 
      78, 
      77, 
      76, 
      76, 
      75, 
      74, 
      73, 
      73, 
      72, 
      72, 
      71
    ], 
    "aCOB": [
      126, 
      126, 
      122, 
      119, 
      115, 
      112, 
      109, 
      106, 
      103, 
      100, 
      97, 
      95, 
      92, 
      90, 
      88, 
      86, 
      85, 
      83, 
      82, 
      81, 
      80, 
      79, 
      78, 
      78, 
      77, 
      76, 
      75, 
      74, 
      73, 
      72, 
      72, 
      71, 
      71, 
      70, 
      70, 
      70, 
      69
    ], 
    "IOB": [
      126, 
      127, 
      129, 
      130, 
      130, 
      131, 
      131, 
      130, 
      129, 
      128, 
      127, 
      125, 
      122, 
      120, 
      118, 
      116, 
      114, 
      113, 
      112, 
      111, 
      110, 
      109, 
      108, 
      107, 
      106, 
      105, 
      105, 
      104, 
      103, 
      102, 
      101, 
      101, 
      100, 
      100, 
      100, 
      99
    ]
  }, 
  "rate": 1.1, 
  "reason": "COB: 2, Dev: 38, BGI: -4.31, ISF: 76.9, Target: 113; Eventual BG 126>=113, 21m@0.770 = 0.270 > req 0.16905071521456436+0.1U", 
  "COB": 2, 
  "eventualBG": 126, 
  "timestamp": "2016-07-01T01:26:31.683548", 
  "duration": 30, 
  "tick": "+2", 
  "IOB": 0.497
}