{
  "requested": {
    "duration": 30, 
    "rate": 1.1, 
    "temp": "absolute"
  }, 
  "bg": 162, 
  "temp": "absolute", 
  "snoozeBG": 135, 
  "timestamp": "2016-06-29T18:38:16.787373", 
  "predBGs": {
    "IOB": [
      162, 
      164, 
      165, 
      166, 
      166, 
      166, 
      165, 
      164, 
      162, 
      160, 
      157, 
      154, 
      150, 
      145, 
      141, 
      136, 
      132, 
      127, 
      123, 
      119, 
      115, 
      112, 
      108, 
      105, 
      102, 
      100, 
      98, 
      96, 
      94, 
      92, 
      91, 
      90, 
      89, 
      89, 
      88
    ]
  }, 
  "rate": 2.0, 
  "reason": "COB: 0, Dev: 21, BGI: -1.5, ISF: 61.1, Target: 102; Eventual BG 115>=102, 18m@1.340 = 0.402 > req 0.2127659574468085+0.1U", 
  "COB": 0, 
  "eventualBG": 115, 
  "recieved": false, 
  "duration": 17, 
  "tick": "+2", 
  "IOB": 1.109
}