{
  "requested": {
    "duration": 30, 
    "rate": 0.5, 
    "temp": "absolute"
  }, 
  "bg": 132, 
  "temp": "absolute", 
  "snoozeBG": 124, 
  "timestamp": "2016-06-24T08:37:03.267008", 
  "predBGs": {
    "IOB": [
      132, 
      133, 
      134, 
      135, 
      135, 
      136, 
      136, 
      136, 
      136, 
      136, 
      135, 
      135, 
      134, 
      133, 
      132, 
      131, 
      130, 
      129, 
      127, 
      126, 
      125, 
      124, 
      123, 
      122, 
      121, 
      120, 
      120, 
      119, 
      118, 
      118, 
      117, 
      117, 
      117, 
      116
    ]
  }, 
  "rate": 0.925, 
  "reason": "COB: 0, Dev: 2, BGI: 0.62, ISF: 88.9, Target: 121; Eventual BG 124>=121, 22m@0.475 = 0.174 > req 0.033745781777277835+0.1U. Setting neutral temp basal of 0.5U/hr", 
  "COB": 0, 
  "eventualBG": 124, 
  "recieved": false, 
  "duration": 22, 
  "tick": "+2", 
  "IOB": 0.113
}