{
  "bg": 218, 
  "temp": "absolute", 
  "snoozeBG": 250, 
  "recieved": true, 
  "predBGs": {
    "IOB": [
      218, 
      224, 
      229, 
      233, 
      236, 
      238, 
      239, 
      239, 
      238, 
      235, 
      231, 
      225, 
      219, 
      212, 
      204, 
      197, 
      189, 
      182, 
      174, 
      167, 
      160, 
      153, 
      147, 
      141, 
      136, 
      131, 
      126, 
      122, 
      118, 
      115, 
      112, 
      109, 
      107, 
      106, 
      105, 
      104, 
      103
    ]
  }, 
  "rate": 1.1, 
  "reason": "COB: 0, Dev: 70, BGI: -4.74, ISF: 98.8, Target: 128; Eventual BG 162>=128, 28m@1.190 = 0.555 > req 0.3441295546558705+0.1U", 
  "COB": 0, 
  "eventualBG": 162, 
  "timestamp": "2016-06-22T21:20:19.566989", 
  "duration": 30, 
  "tick": "+7", 
  "IOB": 1.276
}