{
  "bg": 136, 
  "temp": "absolute", 
  "snoozeBG": 142, 
  "recieved": true, 
  "predBGs": {
    "IOB": [
      136, 
      139, 
      141, 
      144, 
      146, 
      147, 
      149, 
      149, 
      150, 
      150, 
      149, 
      148, 
      147, 
      145, 
      144, 
      142, 
      140, 
      137, 
      135, 
      132, 
      130, 
      128, 
      125, 
      123, 
      121, 
      119, 
      117, 
      116, 
      114, 
      113, 
      111, 
      110, 
      110, 
      109, 
      108, 
      108, 
      107
    ]
  }, 
  "rate": 0.9, 
  "reason": "COB: 0, Dev: 12, BGI: 0.98, ISF: 88.9, Target: 121; Eventual BG 142>=121, 29m@0.900 = 0.435 > req 0.23622047244094488+0.1U", 
  "COB": 0, 
  "eventualBG": 142, 
  "timestamp": "2016-06-22T06:27:43.676514", 
  "duration": 30, 
  "tick": "+3", 
  "IOB": 0.063
}