{
  "bg": 125, 
  "temp": "absolute", 
  "snoozeBG": 115, 
  "recieved": true, 
  "predBGs": {
    "IOB": [
      125, 
      126, 
      128, 
      128, 
      129, 
      129, 
      129, 
      129, 
      128, 
      127, 
      126, 
      124, 
      122, 
      120, 
      117, 
      115, 
      113, 
      111, 
      108, 
      106, 
      104, 
      102, 
      100, 
      98, 
      97, 
      95, 
      94, 
      92, 
      91, 
      90, 
      89, 
      89, 
      88, 
      87, 
      87, 
      87, 
      86
    ]
  }, 
  "rate": 0.675, 
  "reason": "COB: 0, Dev: 20, BGI: -1.74, ISF: 72.7, Target: 110; Eventual BG 115>=110, 28m@0.700 = 0.327 > req 0.0687757909215956+0.1U", 
  "COB": 0, 
  "eventualBG": 115, 
  "timestamp": "2016-07-01T03:30:47.406660", 
  "duration": 30, 
  "tick": "+2", 
  "IOB": 0.418
}