{
  "bg": 156, 
  "temp": "absolute", 
  "snoozeBG": 131, 
  "recieved": true, 
  "predBGs": {
    "IOB": [
      156, 
      151, 
      146, 
      142, 
      137, 
      133, 
      130, 
      127, 
      124, 
      123, 
      122, 
      121, 
      121, 
      121, 
      121, 
      121, 
      122, 
      123, 
      124, 
      125, 
      126, 
      127, 
      128, 
      130, 
      131, 
      133, 
      134, 
      135, 
      136, 
      137, 
      138, 
      139, 
      140, 
      141, 
      141, 
      142
    ]
  }, 
  "rate": 0.55, 
  "reason": "COB: 0, Dev: 12, BGI: -4.32, ISF: 105.3, Target: 132; Eventual BG 131<132, 28m@-0.570 = -0.266 < req -0.01899335232668566-0.2U", 
  "COB": 0, 
  "eventualBG": 131, 
  "timestamp": "2016-06-24T01:52:44.042406", 
  "duration": 30, 
  "tick": -5, 
  "IOB": 0.351
}