{
  "bg": 157, 
  "temp": "absolute", 
  "snoozeBG": 120, 
  "recieved": true, 
  "predBGs": {
    "IOB": [
      157, 
      158, 
      158, 
      158, 
      158, 
      157, 
      156, 
      154, 
      152, 
      149, 
      146, 
      143, 
      139, 
      135, 
      132, 
      128, 
      125, 
      122, 
      119, 
      117, 
      114, 
      112, 
      110, 
      107, 
      106, 
      104, 
      102, 
      101, 
      100, 
      98, 
      98, 
      97, 
      96, 
      96, 
      95
    ]
  }, 
  "rate": 0.85, 
  "reason": "COB: 0, Dev: 21, BGI: -2.51, ISF: 70.8, Target: 109; Eventual BG 120>=109, 28m@0.615 = 0.287 > req 0.1553672316384181+0.1U", 
  "COB": 0, 
  "eventualBG": 120, 
  "timestamp": "2016-06-29T12:40:21.435834", 
  "duration": 30, 
  "tick": "+1", 
  "IOB": 0.818
}