{
  "bg": 202, 
  "temp": "absolute", 
  "snoozeBG": 190, 
  "recieved": true, 
  "predBGs": {
    "IOB": [
      202, 
      208, 
      213, 
      216, 
      218, 
      218, 
      217, 
      215, 
      211, 
      206, 
      200, 
      192, 
      184, 
      175, 
      167, 
      159, 
      152, 
      145, 
      138, 
      131, 
      125, 
      120, 
      114, 
      110, 
      105, 
      102, 
      98, 
      95, 
      93, 
      91, 
      89, 
      87, 
      86, 
      86, 
      85
    ]
  }, 
  "rate": 1.1, 
  "reason": "COB: 0, Dev: 68, BGI: -4.41, ISF: 63.5, Target: 104; Eventual BG 119>=104, 22m@0.920 = 0.337 > req 0.23622047244094488+0.1U", 
  "COB": 0, 
  "eventualBG": 119, 
  "timestamp": "2016-06-30T20:23:27.957103", 
  "duration": 30, 
  "tick": "+7", 
  "IOB": 2.372
}