{
  "bg": 100, 
  "temp": "absolute", 
  "snoozeBG": 159, 
  "recieved": true, 
  "predBGs": {
    "COB": [
      100, 
      107, 
      113, 
      118, 
      123, 
      127, 
      131, 
      133, 
      135, 
      137, 
      137, 
      137, 
      136, 
      134, 
      132, 
      129, 
      126, 
      123, 
      120, 
      117, 
      113, 
      110, 
      106, 
      103, 
      100, 
      97, 
      95, 
      93, 
      91, 
      89, 
      87, 
      86, 
      85, 
      84, 
      84, 
      84, 
      83
    ], 
    "aCOB": [
      100, 
      110, 
      119, 
      127, 
      133, 
      139, 
      143, 
      147, 
      149, 
      150, 
      149, 
      148, 
      145, 
      142, 
      137, 
      133, 
      129, 
      124, 
      120, 
      116, 
      112, 
      108, 
      105, 
      101, 
      98, 
      96, 
      93, 
      91, 
      89, 
      87, 
      86, 
      84, 
      83, 
      83, 
      82
    ], 
    "IOB": [
      100, 
      106, 
      112, 
      117, 
      121, 
      124, 
      126, 
      127, 
      127, 
      126, 
      124, 
      121, 
      117, 
      113, 
      108, 
      104, 
      100, 
      95, 
      91, 
      87, 
      83, 
      79, 
      76, 
      72, 
      69, 
      67, 
      64, 
      62, 
      60, 
      58, 
      57, 
      55, 
      54, 
      54, 
      53
    ]
  }, 
  "rate": 0.575, 
  "reason": "COB: 16, Dev: 38, BGI: 0.62, ISF: 77.7, Target: 80; Eventual BG 83>=80, 28m@0.730 = 0.341 > req 0.03861003861003861+0.1U", 
  "COB": 16, 
  "eventualBG": 83, 
  "timestamp": "2016-06-21T10:20:23.377731", 
  "duration": 30, 
  "tick": "+8", 
  "IOB": 0.726
}