{
  "bg": 108, 
  "temp": "absolute", 
  "snoozeBG": 141, 
  "recieved": true, 
  "predBGs": {
    "COB": [
      108, 
      111, 
      114, 
      116, 
      117, 
      118, 
      119, 
      119, 
      118, 
      116, 
      114, 
      112, 
      111, 
      109, 
      108, 
      106, 
      105, 
      104, 
      103, 
      103, 
      102, 
      102, 
      102, 
      102, 
      101, 
      101, 
      100, 
      99, 
      99, 
      98, 
      98, 
      97, 
      97, 
      96, 
      96, 
      96, 
      95
    ], 
    "aCOB": [
      108, 
      111, 
      114, 
      116, 
      117, 
      119, 
      119, 
      119, 
      118, 
      116, 
      114, 
      112, 
      111, 
      109, 
      108, 
      106, 
      105, 
      104, 
      103, 
      103, 
      102, 
      102, 
      102, 
      102, 
      101, 
      101, 
      100, 
      99, 
      99, 
      98, 
      98, 
      97, 
      97, 
      96, 
      96, 
      96, 
      95
    ], 
    "IOB": [
      108, 
      111, 
      114, 
      117, 
      119, 
      121, 
      123, 
      124, 
      125, 
      125, 
      125, 
      124, 
      122, 
      121, 
      119, 
      118, 
      117, 
      116, 
      115, 
      114, 
      114, 
      114, 
      114, 
      113, 
      113, 
      112, 
      112, 
      111, 
      111, 
      110, 
      109, 
      109, 
      108, 
      108, 
      108, 
      107
    ]
  }, 
  "rate": 0.925, 
  "reason": "COB: 8, Dev: 59, BGI: -5.85, ISF: 95.2, Target: 125; Eventual BG 141>=125, 22m@0.795 = 0.292 > req 0.1680672268907563+0.1U", 
  "COB": 8, 
  "eventualBG": 141, 
  "timestamp": "2016-06-28T01:39:32.486701", 
  "duration": 30, 
  "tick": "+4", 
  "IOB": 0.271
}