{
  "bg": 154, 
  "temp": "absolute", 
  "snoozeBG": 117, 
  "recieved": true, 
  "predBGs": {
    "IOB": [
      154, 
      154, 
      154, 
      153, 
      153, 
      152, 
      151, 
      149, 
      148, 
      146, 
      143, 
      141, 
      138, 
      136, 
      133, 
      130, 
      128, 
      125, 
      123, 
      120, 
      118, 
      116, 
      114, 
      112, 
      110, 
      108, 
      107, 
      105, 
      104, 
      103, 
      102, 
      102, 
      101, 
      101, 
      101, 
      100
    ]
  }, 
  "rate": 0.575, 
  "reason": "COB: 0, Dev: 6, BGI: -1.01, ISF: 77.7, Target: 113; Eventual BG 117>=113, 23m@0.530 = 0.203 > req 0.05148005148005148+0.1U", 
  "COB": 0, 
  "eventualBG": 117, 
  "timestamp": "2016-06-26T19:57:33.767582", 
  "duration": 30, 
  "tick": "+0", 
  "IOB": 0.551
}