{
  "bg": 136, 
  "temp": "absolute", 
  "snoozeBG": 139, 
  "recieved": true, 
  "predBGs": {
    "IOB": [
      136, 
      138, 
      140, 
      142, 
      144, 
      145, 
      145, 
      145, 
      145, 
      144, 
      143, 
      141, 
      139, 
      136, 
      134, 
      131, 
      129, 
      126, 
      124, 
      122, 
      120, 
      118, 
      117, 
      116, 
      114, 
      113, 
      112, 
      111, 
      110, 
      109, 
      108, 
      107, 
      106, 
      106, 
      105
    ]
  }, 
  "rate": 0.85, 
  "reason": "COB: 0, Dev: 44, BGI: -4.41, ISF: 89.9, Target: 122; Eventual BG 139>=122, 28m@0.725 = 0.338 > req 0.18909899888765294+0.1U", 
  "COB": 0, 
  "eventualBG": 139, 
  "timestamp": "2016-06-26T12:38:00.427514", 
  "duration": 30, 
  "tick": "+3", 
  "IOB": 0.458
}