{
  "bg": 118, 
  "temp": "absolute", 
  "snoozeBG": 119, 
  "recieved": true, 
  "predBGs": {
    "IOB": [
      118, 
      119, 
      120, 
      121, 
      122, 
      122, 
      123, 
      123, 
      123, 
      123, 
      123, 
      123, 
      122, 
      122, 
      121, 
      121, 
      120, 
      119, 
      118, 
      117, 
      116, 
      115, 
      115, 
      114, 
      113, 
      112, 
      112, 
      111, 
      111, 
      110, 
      110, 
      109, 
      109, 
      109, 
      109, 
      109, 
      108
    ]
  }, 
  "rate": 0.55, 
  "reason": "COB: 0, Dev: 0, BGI: 0.94, ISF: 81.6, Target: 116; Eventual BG 119>=116, 29m@0.435 = 0.210 > req 0.03676470588235294+0.1U", 
  "COB": 0, 
  "eventualBG": 119, 
  "timestamp": "2016-06-28T09:24:34.304894", 
  "duration": 30, 
  "tick": "+1", 
  "IOB": -0.011
}