{
  "bg": 112, 
  "temp": "absolute", 
  "snoozeBG": 130, 
  "recieved": true, 
  "predBGs": {
    "COB": [
      112, 
      117, 
      121, 
      125, 
      129, 
      132, 
      134, 
      136, 
      138, 
      139, 
      140, 
      141, 
      142, 
      143, 
      143, 
      143, 
      142, 
      142, 
      141, 
      140, 
      139, 
      138, 
      137, 
      136, 
      135, 
      134, 
      133, 
      132, 
      132, 
      132, 
      131, 
      131, 
      131, 
      130
    ], 
    "aCOB": [
      112, 
      121, 
      129, 
      136, 
      142, 
      146, 
      150, 
      152, 
      154, 
      154, 
      154, 
      152, 
      151, 
      149, 
      147, 
      146, 
      144, 
      142, 
      141, 
      139, 
      137, 
      136, 
      135, 
      134, 
      132, 
      132, 
      131, 
      130, 
      130, 
      129, 
      129, 
      129, 
      128
    ], 
    "IOB": [
      112, 
      117, 
      121, 
      124, 
      127, 
      129, 
      130, 
      131, 
      131, 
      130, 
      130, 
      128, 
      127, 
      125, 
      123, 
      122, 
      120, 
      118, 
      117, 
      115, 
      114, 
      112, 
      111, 
      110, 
      109, 
      108, 
      107, 
      106, 
      106, 
      105, 
      105, 
      105, 
      104
    ]
  }, 
  "rate": 0.55, 
  "reason": "COB: 11, Dev: 31, BGI: -0.09, ISF: 93, Target: 124; Eventual BG 130>=124, 24m@0.495 = 0.198 > req 0.06451612903225806+0.1U", 
  "COB": 11, 
  "eventualBG": 130, 
  "timestamp": "2016-06-22T14:14:19.878521", 
  "duration": 30, 
  "tick": "+5", 
  "IOB": 0.24
}