{
  "bg": 151, 
  "temp": "absolute", 
  "snoozeBG": 184, 
  "recieved": true, 
  "predBGs": {
    "IOB": [
      151, 
      155, 
      159, 
      162, 
      166, 
      169, 
      172, 
      174, 
      176, 
      177, 
      178, 
      178, 
      177, 
      177, 
      176, 
      174, 
      173, 
      171, 
      169, 
      167, 
      165, 
      163, 
      162, 
      160, 
      158, 
      156, 
      155, 
      153, 
      152, 
      150, 
      149, 
      148, 
      147, 
      146, 
      145
    ]
  }, 
  "rate": 0.8, 
  "reason": "COB: 0, Dev: 29, BGI: -0.53, ISF: 133.3, Target: 152; Eventual BG 184>=152, 28m@0.875 = 0.408 > req 0.2400600150037509+0.1U", 
  "COB": 0, 
  "eventualBG": 184, 
  "timestamp": "2016-06-23T04:23:02.095156", 
  "duration": 30, 
  "tick": "+7", 
  "IOB": -0.047
}