{
  "bg": 195, 
  "temp": "absolute", 
  "snoozeBG": 139, 
  "recieved": true, 
  "predBGs": {
    "IOB": [
      195, 
      195, 
      194, 
      192, 
      190, 
      188, 
      185, 
      182, 
      179, 
      175, 
      171, 
      166, 
      162, 
      157, 
      153, 
      148, 
      145, 
      141, 
      137, 
      134, 
      131, 
      129, 
      127, 
      125, 
      123, 
      122, 
      121, 
      120, 
      119, 
      118, 
      118, 
      117, 
      117, 
      117, 
      116
    ]
  }, 
  "rate": 0.55, 
  "reason": "COB: 0, Dev: 29, BGI: -4.82, ISF: 102.6, Target: 131; Eventual BG 139>=131, 18m@0.610 = 0.183 > req 0.07797270955165693+0.1U", 
  "COB": 0, 
  "eventualBG": 139, 
  "timestamp": "2016-06-24T03:31:48.653190", 
  "duration": 30, 
  "tick": "+0", 
  "IOB": 0.83
}