{
  "bg": 100, 
  "temp": "absolute", 
  "snoozeBG": 113, 
  "recieved": true, 
  "predBGs": {
    "IOB": [
      100, 
      101, 
      102, 
      103, 
      104, 
      105, 
      105, 
      106, 
      106, 
      106, 
      105, 
      105, 
      104, 
      103, 
      102, 
      101, 
      99, 
      97, 
      95, 
      93, 
      91, 
      89, 
      87, 
      86, 
      84, 
      82, 
      80, 
      79, 
      77, 
      76, 
      75, 
      74, 
      73, 
      72, 
      71, 
      71, 
      70
    ]
  }, 
  "rate": 1.425, 
  "reason": "COB: 0, Dev: 3, BGI: 0.51, ISF: 73.4, Target: 80; Eventual BG 113>=80, 29m@1.250 = 0.604 > req 0.44959128065395093+0.1U", 
  "COB": 0, 
  "eventualBG": 113, 
  "timestamp": "2016-06-19T22:07:01.427499", 
  "duration": 30, 
  "tick": "+1", 
  "IOB": -0.139
}