{
  "bg": 125, 
  "temp": "absolute", 
  "snoozeBG": 139, 
  "recieved": true, 
  "predBGs": {
    "IOB": [
      125, 
      128, 
      130, 
      132, 
      134, 
      135, 
      136, 
      136, 
      136, 
      136, 
      135, 
      134, 
      132, 
      129, 
      127, 
      124, 
      121, 
      117, 
      114, 
      111, 
      107, 
      104, 
      101, 
      98, 
      95, 
      92, 
      90, 
      88, 
      86, 
      84, 
      83, 
      81, 
      80, 
      79, 
      78, 
      77
    ]
  }, 
  "rate": 1.425, 
  "reason": "COB: 0, Dev: 35, BGI: -2.58, ISF: 76.9, Target: 113; Eventual BG 139>=113, 30m@1.420 = 0.710 > req 0.3381014304291287+0.1U", 
  "COB": 0, 
  "eventualBG": 139, 
  "timestamp": "2016-07-01T02:04:11.376240", 
  "duration": 30, 
  "tick": "+6", 
  "IOB": 0.278
}