{
  "bg": 182, 
  "temp": "absolute", 
  "snoozeBG": 177, 
  "recieved": true, 
  "predBGs": {
    "IOB": [
      182, 
      187, 
      191, 
      195, 
      197, 
      198, 
      198, 
      197, 
      194, 
      191, 
      186, 
      180, 
      173, 
      167, 
      160, 
      153, 
      147, 
      140, 
      134, 
      129, 
      123, 
      118, 
      114, 
      109, 
      105, 
      102, 
      98, 
      95, 
      93, 
      91, 
      89, 
      87, 
      86, 
      85, 
      84, 
      84, 
      83
    ]
  }, 
  "rate": 1.55, 
  "reason": "COB: 0, Dev: 61, BGI: -4.13, ISF: 63.5, Target: 104; Eventual BG 133>=104, 28m@1.370 = 0.639 > req 0.4566929133858268+0.1U", 
  "COB": 0, 
  "eventualBG": 133, 
  "timestamp": "2016-06-30T20:13:38.819691", 
  "duration": 30, 
  "tick": "+9", 
  "IOB": 1.729
}